model,mean_RMSE,std_RMSE,min_RMSE,max_RMSE
RandomForest,63.00810931377032,34.417648997221995,36.8914853525682,157.0044677105542
GradientBoosting,73.47402426303233,39.05524026211369,36.41118011795299,180.67862087994544
SVR,103.90738979348426,30.839269925726803,62.18475431191949,162.24752352804313
KNN,112.72797603565743,34.130602826270106,60.06248420037556,171.8357600874412
Elastic Net,148.037252592763,32.088687943152856,89.69645085590074,209.4650768978094
BaselineDummy,180.42813455191632,51.84168195125627,111.13365493875126,278.8687848229529
